id;title;content;created_at;last_modified_at
1;pfft;../fake-data/blob/hipster.txt;2025-05-28T00:07:18;2025-05-28T12:17:27
2;exploration kiddingly;../fake-data/blob/hipster.txt;2025-05-28T09:48:41;2025-05-28T00:35:59
3;pro;../fake-data/blob/hipster.txt;2025-05-27T17:40:06;2025-05-27T19:50:39
4;excepting;../fake-data/blob/hipster.txt;2025-05-28T07:10:29;2025-05-27T20:30:25
5;list miskey testing;../fake-data/blob/hipster.txt;2025-05-28T04:41:12;2025-05-27T18:32:55
6;bewail essay austere;../fake-data/blob/hipster.txt;2025-05-28T00:52:17;2025-05-28T03:58:55
7;luck;../fake-data/blob/hipster.txt;2025-05-27T21:03:47;2025-05-28T05:53:21
8;readily boo upbeat;../fake-data/blob/hipster.txt;2025-05-28T10:34:30;2025-05-28T05:40:58
9;urgently whereas crooked;../fake-data/blob/hipster.txt;2025-05-28T06:20:44;2025-05-28T08:51:26
10;amend cheerfully hourly;../fake-data/blob/hipster.txt;2025-05-28T01:48:22;2025-05-27T21:52:13
